ambassador_code;roster_region
MMORA10;US
HHOFFMAN10;US
JIZUMIGAWA10;US
PABELLANA10;US
GHARIHARAN10;US
LFLENTYE10;US
SABODUNDE10;US
SGUPTA10;US
CSHUKLA10;US
AHUNJADI10;US
ACHAPA10;US
GPICCIANDRA10;US
LVERA10;US
RSCHNEIDER10;US
JPORRAS10;US
ECATO10;US
AJANKE10;US
JMIKULA10;US
VBALA10;US
LNOAH10;US
JMCCARTHY10;US
DWALCH10;US
CWAN10;US
CCLARKSUTTON10;US
BASPLEN10;US
APRINCE10;US
TBERNARD10;US
KGAMBOA10;US
VBLANCO10;US
YJIMENEZ10;US
KWILSON10;US
MFITZPATRICK10;US
BHERTER10;US
PNIEH10;US
KNEWCOMB10;US
ASERNA10;US
CPOWERS10;US
JREINHART10;US
CBOGNAR10;US
HKOMENDERA10;US
RTEIJEIRO10;US
AONEIL10;US
JHINOJOSA10;US
KMYERS10;US
FBAKHRANI10;US
TDIARBAKERLI10;US
JLEE10;US
FCANTO10;US
RSULLIVAN10;US
DWOG10;US
JCALLAWAY10;US
ZHAGY10;US
AFAUSETT10;US
GDIFINI10;US
AANDREWS10;US
DROJAS10;US
MSHIPP10;US
MSTEWART10;US
DMATTICKS10;US
NCHUKIAT10;US
APESTLE10;US
KMONTAGUE10;US
CNAVAS10;US
CLIVINGSTON10;US
JVANSEVICIUS10;US
EPLATEK10;US
DROSSI10;US
JVILLARREAL10;US
CNAVARRO10;US
TSCHEER10;US
APEREZ10;US
BFALLON10;US
SPERKINS10;US
NJUAREZ10;US
ABRAACH10;US
OBARNES10;US
SMARKUS10;US
BPACE10;US
MRABASCO10;US
QSTANDIFER10;US
MGADOMSKI10;US
JSISTO10;US
MHOPKINS10;US
LHE10;US
MMARTINEZ10;US
AGRAVES10;US
ELANDA10;US
RFOSTER10;US
MPATEL10;US
CNAVIN10;US
IRODRIGUEZ10;US
DCENTENO10;US
CDEFRIESE10;US
NCHERNYSHOFF10;US
MJASSO10;US
JPIERCE10;US
KMEIER10;US
HHENLEY10;US
TPETERSEN10;US
TPAVLIK10;US
LMONTANO10;US
DWILSON10;US
YWU10;US
FHOLLOWAY10;US
MMUNROE10;US
HBARON10;US
MWILLS10;US
THACKER10;US
KSNYDER10;US
MCRIST10;US
CLACOTTA10;US
MHERNANDEZ10;US
JMILES10;US
SGREENSPON10;US
ECALDERON10;US
AWICK10;US
BCHACON10;US
RROLLE10;US
MGALLAGHER10;US
NMAGUIGAD10;US
CMCGUIRE10;US
MKEFAYATI10;US
JGEBEL10;US
JFUHRMAN10;US
NSZYMANNSKI10;US
AMARTINEZ10;US
TPOLLOCK10;US
TMAYES10;US
DTONG10;US
LNEGRETE10;US
JMUNOZ10;US
SSTANLEY10;US
RGROWDON10;US
DTHOMPSON10;US
ANHALT10;US
ACOLLINS10;US
APANDA10;US
BJIMENEZ10;US
KTHOMPSON10;US
AJARDON10;US
APRICE10;US
RGRUDZINSKI10;US
IKEARNS10;US
NHARTZELL10;US
RTIBBALL10;US
MCARRERO10;US
MVERA10;US
SAGATE10;US
LLHERBIER10;US
JGORDON10;US
AFARIAS10;US
BSMITH10;US
MFARIAS10;US
JWONG10;US
HHAFIZI10;US
IPRESENT10;US
CFONSECA10;US
LTHOMAS10;US
GGRAY10;US
TLOEFFLER10;US
JHEDDING10;US
VROZYNEK10;US
JROSHER10;US
SMIYATAKE10;US
DHASSON10;US
TYANG10;US
TGRIFFIN10;US
JRUVALCABA10;US
LDOUADI10;US
JGILLIARD10;US
AGARCIA10;US
KABDULLAH10;US
SROMAN10;US
YLIBERMAN10;US
NSMITH10;US
AVIVAS10;US
MRUSSELL10;US
MWOLF10;US
SHEHIR10;US
JPATEL10;US
CLEE10;US
RCLANCY10;US
AGJOLAJ10;US
JHINE10;US
BDICKLER10;US
RTAYLOR10;US
JLOCHHEAD10;US
NVILLARRUEL10;US
MZHAN10;US
SLORENZO10;US
JFEUSTEL10;US
SPETTAWAY10;US
BSTATES10;US
EKAHNPERRY10;US
RDHRUV10;US
MVENEGAS10;US
JCRUZ10;US
DWILSON10;US
SNAVIN10;US
JTINKLENBERG10;US
JMORAN10;US
CSMITH10;US
SSAMUELS10;US
PSALCEDO10;US
BMCCLELLAND10;US
JBOYER10;US
YLHERIEAU10;UK
APRYKE10;UK
MJONES10;UK
TBADAWI10;UK
AMOHAMMED10;UK
AHARRIS10;UK
AGARCIA10;UK
EKATSONI10;UK
BASSADI10;UK
BMcCLELLAND10;UK
BBROWN10;UK
BCHURCH10;UK
CWRIGHT10;UK
CHORGAN10;UK
SVITTELLI10;UK
HSTRONG10;UK
JBERNSTEIN10;UK
CMCCONVILLE10;UK
CBAILEY10;UK
MCRIST10;UK
PCUMBERS10;UK
DCASHMORE10;UK
RUPTON10;UK
NHAWKER10;UK
EWOODHEAD10;UK
EMITCHELL10;UK
FMULFORD10;UK
FTHWAITESMILES10;UK
EGERLANDO10;UK
GHAYWARD10;UK
GKINSEY10;UK
HBLake10;UK
HMITCHELL10;UK
HBALLARD10;UK
HSTRAWSON10;UK
JLONG10;UK
APAPADOPOULOS10;UK
RDIGHE10;UK
JAURIOL10;UK
CSTEPHENS10;UK
JENGLER10;UK
JMITJANA10;UK
KHICKS10;UK
KSIDDIQUI10;UK
ALU10;UK
LDEBENEDICTIS10;UK
LBURTON10;UK
LCHASE10;UK
MLEONARDS10;UK
MCARTER10;UK
MZHURILO10;UK
MHUBER10;UK
MMAGNANI10;UK
RPEARCE10;UK
NLANCASTER10;UK
NHABIB10;UK
PELSEY10;UK
PMITCHELL10;UK
PPAREKH10;UK
RHERNANDEZ10;UK
CBALDWIN10;UK
SPREDKO10;UK
SPIACENTI10;UK
SAHMED10;UK
AMEREDITH10;UK
SBARBOUR10;UK
SHINKS10;UK
RELLIOTT10;UK
TBACOVA10;UK
GFRENCH10;UK
GPENATTI10;UK
TVESPOLI10;UK
TBAKER10;UK
THOPKIN10;UK
CCORAM10;UK
MSOMMER10;UK
KVOIDINH10;UK
WROMBOUTS10;UK
ZALANSARI10;UK
AWHITEHEAD10;UK
YCHRISTODOULOU10;UK
ZBROACHI10;UK
ZPHILLIPS10;UK
ASPRING10;UK
MMAYER10;UK
SFERNANDES10;UK
AVANDERZANDE10;CA
AWHEELER10;CA
AXU10;CA
ASMITH10;CA
BVERDAN10;CA
BAQUINO10;CA
CHUBERS10;CA
CGRAINGER10;CA
LDEBATTY10;CA
CMCFADDEN10;CA
DHAMPSON10;CA
DNEOFITNYI10;CA
DGUO10;CA
BDEVILLENA10;CA
DPHAM10;CA
EWANG10;CA
EPINCHUK10;CA
FKHAN10;CA
GOSMOND10;CA
GNUNES10;CA
GGELONAYO10;CA
HSEKHON10;CA
HROY10;CA
HCHUNG10;CA
HPINARD10;CA
FGRUPE10;CA
JMASCARENHAS10;CA
JBETANCOURT10;CA
JKOURI10;CA
JMOTZ10;CA
JDIAMANTE10;CA
JLAW10;CA
JDEELEY10;CA
KCHICHON10;CA
LCHIARELLI10;CA
LCOLLADO10;CA
PLUANA10;CA
LTRAUWITZ10;CA
MTIMLIN10;CA
MCOHEN10;CA
MLECOUPANEC10;CA
MTELPNER10;CA
JMORALES10;CA
STSUI10;CA
MBABOL10;CA
MBOUCHARD10;CA
MPAGLICAWAN10;CA
MPAGLICAWAN10;CA
NKAMAL10;CA
JDECASTRO10;CA
JHAN10;CA
PMOLKARA10;CA
SEGANELLIOTT10;CA
RFIELD10;CA
RRUIZROMAN10;CA
DGREEN10;CA
GSHINDE10;CA
MGALURA10;CA
SDIVYAPALAN10;CA
SLIN10;CA
DHASSON10;CA
RTRAN10;CA
MMAPOSA10;CA
RMOHAMED10;CA
TKOSCIUCH10;CA
PMUTHUGALA10;CA
AELLIOTT10;CA
THARTLEY10;CA
SRAMOS10;CA
BCOHEN10;CA
VGOMES10;CA
WPONTESREIS10;CA
YWANG10;CA
ZKILIC10;CA
PFORTIN10;FR
GEDLINGER10;FR
BLUCAS10;FR
CBRAS10;FR
CRIEGER10;FR
CMORAND10;FR
DCAMILLE10;FR
DDOVANMINH10;FR
JDIMONDO10;FR
EDESOLEUVRE10;FR
EDAMINATO10;FR
FPEYRIN10;FR
CGÉRAUD10;FR
GMARZETTI10;FR
RSIMON10;FR
JGLAUD10;FR
LMOUCHARD10;FR
LCARRE10;FR
LDUJARDIN10;FR
LPOUVREAU10;FR
LLIETARD10;FR
LARGENCE10;FR
LDUWATEZ10;FR
MAFRIBO10;FR
MBOCCIA10;FR
MSEBASTIEN10;FR
APAYETCASSAR10;FR
CVIGNÉ10;FR
LFERRERE10;FR
PGUILLOUX10;FR
PCAMMAS10;FR
JPAULUS10;FR
PPRESSAC10;FR
SLOGEROT10;FR
TJULIEN10;FR
DMOELLO10;FR
SLUCIAFERNANDES10;FR
ALLIE100;US
